corr_10.wav,--undefined--,--undefined--,--undefined--,--undefined--,--undefined--,--undefined--,--undefined--,--undefined--,--undefined--,--undefined--,--undefined--,--undefined--,--undefined--,--undefined--,--undefined--,--undefined--,--undefined--,--undefined--,--undefined--,--undefined--,--undefined--,159.96166150607934,--undefined--,163.81918745452262,150.105570130657,151.51244106665214,157.62641090800088,160.91806702497968,--undefined--,380.7060159023471,--undefined--,--undefined--,205.46892603023255,225.1076951091018,236.96022943470956,241.87631988828696,230.63450879525067,195.21651181690294,--undefined--,--undefined--,--undefined--,--undefined--,--undefined--,--undefined--,293.6088443878459,--undefined--,--undefined--,--undefined--,--undefined--,--undefined--,--undefined--,--undefined--,--undefined--,--undefined--,--undefined--,--undefined--,--undefined--,--undefined--,--undefined--,--undefined--,--undefined--,--undefined--,--undefined--,--undefined--,--undefined--,--undefined--,--undefined--,--undefined--,--undefined--,--undefined--,--undefined--,--undefined--,--undefined--,--undefined--,--undefined--,--undefined--,--undefined--,--undefined--,2.6006349206349206,210.96588496111204
corr_11.wav,--undefined--,--undefined--,--undefined--,--undefined--,--undefined--,--undefined--,--undefined--,--undefined--,--undefined--,--undefined--,--undefined--,--undefined--,--undefined--,--undefined--,159.8998345094836,163.48258241084687,--undefined--,151.86536056458542,149.42772738665022,153.16134349760017,146.96296819359992,138.33183651292603,148.76881181677464,153.12746436588057,153.6521571845737,156.24006302582396,154.21863982558463,146.4737436738249,--undefined--,--undefined--,164.36280349991588,162.4014497754858,164.85361145314542,162.91498500616584,163.91443043535324,151.8438698950737,--undefined--,294.5528567615601,--undefined--,--undefined--,--undefined--,--undefined--,259.8607160287637,258.52794975403896,246.75120065682498,224.81310951901312,176.31062781018355,154.62623969107108,142.08020268795346,106.8189700657213,--undefined--,--undefined--,--undefined--,--undefined--,--undefined--,--undefined--,--undefined--,--undefined--,--undefined--,--undefined--,--undefined--,--undefined--,--undefined--,--undefined--,--undefined--,--undefined--,--undefined--,--undefined--,--undefined--,--undefined--,--undefined--,--undefined--,--undefined--,--undefined--,--undefined--,--undefined--,--undefined--,--undefined--,2.6006349206349206,171.79448414315803
corr_12.wav,--undefined--,--undefined--,--undefined--,--undefined--,--undefined--,--undefined--,--undefined--,--undefined--,--undefined--,--undefined--,--undefined--,--undefined--,--undefined--,--undefined--,--undefined--,--undefined--,--undefined--,--undefined--,--undefined--,--undefined--,--undefined--,--undefined--,--undefined--,--undefined--,--undefined--,157.7361817946917,154.74054459885267,150.3610558521001,--undefined--,--undefined--,158.28790937133118,158.18566430731994,157.05005110463566,153.88712317946656,143.96869739834543,139.98143985528904,153.09819973105334,159.1276723123233,161.39724874056105,161.18308949387193,160.07657717898348,153.57685801633656,143.66010950095503,150.10264174137106,161.0548728233559,165.23760537131102,163.2179501395166,164.44745924756245,162.29312930259377,162.71306553756125,153.95006816407871,--undefined--,--undefined--,--undefined--,--undefined--,--undefined--,251.92916953315367,254.58610299546197,243.36521414637093,254.17711752087624,--undefined--,--undefined--,202.80312527174436,170.5709841217536,156.12036732142354,151.06403875984378,143.6257797800529,141.45726049205103,139.20957391025053,139.34138060708733,141.54429627646388,143.34725694653912,138.17799551109252,146.4143068869485,146.7294993761261,--undefined--,--undefined--,--undefined--,2.2291156462585033,163.7511874200173
corr_14.wav,--undefined--,--undefined--,--undefined--,--undefined--,--undefined--,--undefined--,--undefined--,--undefined--,--undefined--,--undefined--,--undefined--,--undefined--,--undefined--,--undefined--,--undefined--,--undefined--,--undefined--,193.43936029219034,193.5983877101274,--undefined--,196.36167170216734,196.6103374315401,193.06172483401886,182.76739011773594,170.0126183471882,158.67470197887155,158.8585194000121,160.56830036796853,157.80199634471668,160.0924121984374,159.2561479870956,151.31303555956663,158.26485073933438,163.1332044726918,166.8965479574392,174.88599235022923,178.50700215808774,179.40058795007477,181.92429058126794,181.73462916692955,181.82298010501702,184.40273651709995,184.14791904105445,196.23396035792933,202.12983621189184,209.82443994954733,214.22175570160442,211.9875468590534,204.4132652729059,194.91145873700341,181.67846129042493,165.92674780955767,153.04081478764115,134.4851177813622,--undefined--,141.92236320250467,138.67221902652975,--undefined--,--undefined--,--undefined--,--undefined--,--undefined--,--undefined--,--undefined--,--undefined--,--undefined--,--undefined--,--undefined--,--undefined--,--undefined--,--undefined--,--undefined--,--undefined--,--undefined--,--undefined--,--undefined--,--undefined--,--undefined--,2.2291156462585033,176.76277190260052
corr_16.wav,--undefined--,--undefined--,--undefined--,--undefined--,--undefined--,--undefined--,--undefined--,--undefined--,--undefined--,--undefined--,--undefined--,--undefined--,--undefined--,--undefined--,--undefined--,--undefined--,--undefined--,--undefined--,174.4886317011793,178.17973273100955,170.4244109042698,168.45331026283088,176.10300990875388,169.91729385210988,170.75351776790697,167.99596280248227,--undefined--,--undefined--,--undefined--,--undefined--,--undefined--,90.22335798325065,77.94536851340222,--undefined--,176.76224850727323,151.55713335148224,142.87753310178735,139.4502200440197,--undefined--,--undefined--,--undefined--,--undefined--,--undefined--,--undefined--,--undefined--,--undefined--,--undefined--,--undefined--,--undefined--,--undefined--,--undefined--,--undefined--,--undefined--,--undefined--,--undefined--,--undefined--,--undefined--,--undefined--,--undefined--,--undefined--,--undefined--,--undefined--,--undefined--,--undefined--,--undefined--,--undefined--,--undefined--,--undefined--,--undefined--,--undefined--,--undefined--,--undefined--,--undefined--,--undefined--,--undefined--,--undefined--,--undefined--,--undefined--,3.3436734693877552,153.9379808165541
corr_17.wav,--undefined--,--undefined--,--undefined--,--undefined--,--undefined--,--undefined--,--undefined--,--undefined--,--undefined--,--undefined--,--undefined--,--undefined--,--undefined--,--undefined--,--undefined--,--undefined--,182.44637275765822,178.77534849808805,156.73138620424027,--undefined--,174.47482809190487,175.9147491259805,170.89528594348062,167.77081353364315,160.57623560132046,163.98887912611903,164.34685183574254,165.6310390916614,160.02274675786043,--undefined--,--undefined--,--undefined--,--undefined--,223.17391675197226,226.35730946964074,235.67916225903366,243.3041632152906,246.62528246042874,239.18827736003522,222.42250360945653,199.94791405154103,176.12015266184198,151.20201328323594,153.128102572813,153.5954506093519,146.30154259041464,145.0419145437373,144.02161296993526,145.81154340678492,145.74138004019764,143.85053564179353,--undefined--,--undefined--,--undefined--,--undefined--,--undefined--,--undefined--,--undefined--,155.8990877976128,165.47350632979672,--undefined--,--undefined--,--undefined--,--undefined--,--undefined--,--undefined--,--undefined--,--undefined--,--undefined--,--undefined--,--undefined--,--undefined--,--undefined--,--undefined--,--undefined--,--undefined--,--undefined--,--undefined--,2.2291156462585033,177.63937213101923
corr_20.wav,--undefined--,--undefined--,--undefined--,--undefined--,--undefined--,--undefined--,--undefined--,--undefined--,--undefined--,--undefined--,--undefined--,--undefined--,--undefined--,--undefined--,--undefined--,--undefined--,--undefined--,--undefined--,--undefined--,--undefined--,--undefined--,--undefined--,--undefined--,--undefined--,--undefined--,--undefined--,--undefined--,--undefined--,--undefined--,166.79652286491793,165.44379952594173,--undefined--,165.84141931557872,168.64352608098483,168.7211019047721,164.00540314118567,163.86918324168366,165.2937141111379,163.90518738308512,160.18408359271837,155.71855748833542,158.26492446425286,162.4268589963246,162.36453565429977,168.4235386164358,181.21428745782103,184.4411720039983,188.67754546093738,181.16727238410076,167.42740991138925,153.33365624568702,141.75419422066554,134.0632528044086,--undefined--,--undefined--,--undefined--,--undefined--,--undefined--,--undefined--,--undefined--,--undefined--,--undefined--,--undefined--,--undefined--,--undefined--,--undefined--,--undefined--,--undefined--,--undefined--,--undefined--,--undefined--,--undefined--,--undefined--,--undefined--,--undefined--,--undefined--,--undefined--,--undefined--,2.6006349206349206,164.86874551611575
corr_21.wav,--undefined--,--undefined--,--undefined--,--undefined--,--undefined--,--undefined--,--undefined--,--undefined--,--undefined--,--undefined--,--undefined--,--undefined--,--undefined--,--undefined--,--undefined--,--undefined--,--undefined--,--undefined--,--undefined--,--undefined--,--undefined--,--undefined--,--undefined--,--undefined--,--undefined--,178.64324724054075,169.04077945550907,172.96719412522248,176.1194522483687,177.92666549751644,170.64849834786403,163.16278117594555,158.8444153876263,157.49138666130185,161.1628261465882,165.0146263817201,166.5483148986812,164.34926356725634,156.19528858921728,152.22142202550532,157.6946399438875,152.39746452111586,168.43284274822452,164.35653350488718,163.52430097529918,164.05824991051728,151.68389265974133,--undefined--,--undefined--,--undefined--,--undefined--,--undefined--,212.48991750934482,204.53045701109374,190.00611779647656,203.1274486961607,--undefined--,--undefined--,154.03153279683366,136.996981233395,--undefined--,96.61600757512916,77.44730382925565,--undefined--,--undefined--,--undefined--,--undefined--,--undefined--,--undefined--,--undefined--,--undefined--,--undefined--,--undefined--,--undefined--,--undefined--,--undefined--,--undefined--,--undefined--,2.2291156462585033,162.92432841534088
corr_22.wav,--undefined--,--undefined--,--undefined--,--undefined--,--undefined--,--undefined--,--undefined--,--undefined--,--undefined--,--undefined--,--undefined--,--undefined--,--undefined--,--undefined--,--undefined--,--undefined--,--undefined--,--undefined--,--undefined--,--undefined--,--undefined--,--undefined--,--undefined--,--undefined--,--undefined--,--undefined--,168.12977148129062,176.57225582282805,163.47389464326753,159.63416179550586,167.99011800225887,171.39406125024593,174.55139756928708,173.305961701942,169.52279205232645,165.92889337625988,162.23969471730712,159.43247037825216,158.25443859078212,158.3586414608036,160.19599321899364,157.0354611555401,155.86543029034007,170.05123722116298,195.99127962426297,218.19946553003714,227.99271004867552,224.95510940008543,212.64317812409942,196.31435435597297,178.2446132441048,163.2802212284177,158.78221377251973,152.47238934992563,143.79435226775496,133.74755990777714,133.64805595245682,142.41814801729618,137.97000710109964,141.4611649306789,151.6718168213533,--undefined--,--undefined--,--undefined--,--undefined--,--undefined--,--undefined--,--undefined--,--undefined--,--undefined--,--undefined--,--undefined--,--undefined--,--undefined--,--undefined--,--undefined--,--undefined--,--undefined--,2.2291156462585033,168.15780898299747
corr_27.wav,--undefined--,--undefined--,--undefined--,--undefined--,--undefined--,--undefined--,--undefined--,--undefined--,--undefined--,--undefined--,--undefined--,--undefined--,--undefined--,--undefined--,--undefined--,--undefined--,186.04144740790133,172.71044607160357,--undefined--,--undefined--,182.44900825439234,181.7085625942277,178.46630298462196,176.76396825125067,172.72159020858217,174.13726280127418,171.64233514400976,168.48466074494345,167.33014657067272,--undefined--,--undefined--,--undefined--,--undefined--,--undefined--,245.88889750938583,231.51878052763928,239.64765327387562,238.52338564068336,225.03420032017664,203.55641126237904,186.09461974794277,171.3629187188338,164.51813217831403,156.70752761329604,154.23137815499513,151.8368589365362,--undefined--,--undefined--,--undefined--,--undefined--,--undefined--,--undefined--,--undefined--,--undefined--,--undefined--,--undefined--,--undefined--,--undefined--,--undefined--,--undefined--,--undefined--,--undefined--,--undefined--,--undefined--,--undefined--,--undefined--,--undefined--,--undefined--,--undefined--,--undefined--,--undefined--,--undefined--,--undefined--,--undefined--,--undefined--,--undefined--,--undefined--,--undefined--,2.2291156462585033,187.0163693442408
corr_28.wav,--undefined--,--undefined--,--undefined--,--undefined--,--undefined--,--undefined--,--undefined--,--undefined--,--undefined--,--undefined--,--undefined--,--undefined--,--undefined--,--undefined--,191.41797145005106,185.143835664747,180.57859996888823,171.87068538459036,169.77551700574767,176.88809881815416,178.2062576825572,176.0869298186507,171.83600340155738,167.29564672763948,165.3999433390319,165.43400993391094,163.38121687228949,164.02696768611708,161.9559571220535,353.62047743533685,360.1783291812074,353.28244830254357,378.23718654181187,--undefined--,--undefined--,--undefined--,188.83583756521858,192.14945020154968,188.29768873606696,182.37992469778075,175.3390534703748,--undefined--,--undefined--,--undefined--,--undefined--,--undefined--,186.12707684704293,194.6068714368941,202.77158451237642,212.84788965437068,219.1760535092473,220.35181945551324,213.32112909965244,204.76365800849482,183.87486693858017,207.45771492789152,--undefined--,--undefined--,--undefined--,168.58000399554976,161.79577351651596,154.72010884727285,151.58548753946633,158.02509392762758,159.17481646841134,161.07909947150517,156.13229984782248,150.33752609759523,151.39205693053862,--undefined--,--undefined--,--undefined--,--undefined--,--undefined--,--undefined--,--undefined--,--undefined--,--undefined--,1.8575963718820863,194.99406745546014
corr_3.wav,--undefined--,--undefined--,--undefined--,--undefined--,--undefined--,--undefined--,--undefined--,--undefined--,--undefined--,--undefined--,--undefined--,--undefined--,--undefined--,--undefined--,--undefined--,--undefined--,--undefined--,--undefined--,--undefined--,--undefined--,--undefined--,--undefined--,--undefined--,--undefined--,152.10608880153654,158.7206115451809,161.48601098006228,160.23906147110853,155.965513277198,152.53437341161327,158.26407624859053,160.02531447693306,--undefined--,--undefined--,--undefined--,--undefined--,250.28487192193558,261.48506784420914,281.126415815033,270.0469235223612,233.03130302931618,--undefined--,--undefined--,--undefined--,--undefined--,--undefined--,--undefined--,--undefined--,368.65145216292194,--undefined--,--undefined--,--undefined--,--undefined--,--undefined--,--undefined--,--undefined--,--undefined--,--undefined--,--undefined--,--undefined--,--undefined--,--undefined--,--undefined--,--undefined--,--undefined--,--undefined--,--undefined--,--undefined--,--undefined--,--undefined--,--undefined--,--undefined--,--undefined--,--undefined--,--undefined--,--undefined--,--undefined--,--undefined--,2.2291156462585033,208.85479175057145
corr_31.wav,--undefined--,--undefined--,--undefined--,--undefined--,--undefined--,--undefined--,--undefined--,--undefined--,--undefined--,--undefined--,--undefined--,--undefined--,--undefined--,--undefined--,--undefined--,--undefined--,--undefined--,169.5273523941441,164.30694572190228,153.2794220557853,161.52303223632416,170.6473167013004,168.61079288523567,166.51844566490004,155.16120174032733,164.87430991931137,169.95052504074832,169.61786454514083,173.07875603983297,179.08526142836712,177.75626436579438,177.50494045190294,213.99539328984756,217.23766152879298,209.88875096895268,197.42176852147105,189.78831613498656,186.87885955503518,171.92043798054314,152.08777033836685,--undefined--,179.03847786255375,169.51651431196626,170.9097642483366,180.92306503668,190.00907948128238,196.10940375758022,197.01519823816673,201.5468322274292,182.02499297402773,--undefined--,--undefined--,--undefined--,170.46023945763815,166.95129903168154,162.55572885569876,158.4118744695586,157.50525142983741,157.3406839150861,159.39386811049292,159.38246368787418,152.6122225677269,--undefined--,--undefined--,--undefined--,--undefined--,--undefined--,--undefined--,--undefined--,--undefined--,--undefined--,--undefined--,--undefined--,--undefined--,--undefined--,--undefined--,--undefined--,--undefined--,2.6006349206349206,174.93581339445439
corr_34.wav,--undefined--,175.62862672986753,169.0827069201206,171.83997804570316,176.6434861431716,168.70832831639842,162.50786014019545,159.86100156746704,165.32068592807698,168.32994547107376,--undefined--,--undefined--,169.0552146406758,167.71298783687527,166.5115589563119,163.8823305542998,--undefined--,--undefined--,--undefined--,167.45745527939587,164.2855329265907,160.55976981448154,158.10920751460975,--undefined--,--undefined--,84.11106990314111,86.84509630859176,183.8613117215782,193.56276851444744,199.7855845481353,--undefined--,--undefined--,--undefined--,180.49337180202795,172.42002682232157,162.44985367590073,161.20263819380673,156.63825105993155,154.08281066671393,153.53803386609857,153.3304619843655,153.927366812031,157.25883196767637,157.8369046864704,151.7714986804486,--undefined--,--undefined--,--undefined--,--undefined--,--undefined--,--undefined--,--undefined--,--undefined--,--undefined--,--undefined--,--undefined--,--undefined--,--undefined--,--undefined--,--undefined--,--undefined--,--undefined--,--undefined--,--undefined--,--undefined--,--undefined--,--undefined--,--undefined--,--undefined--,--undefined--,--undefined--,--undefined--,--undefined--,--undefined--,--undefined--,--undefined--,--undefined--,--undefined--,2.2291156462585033,161.72389876467653
corr_36.wav,--undefined--,--undefined--,--undefined--,--undefined--,--undefined--,--undefined--,--undefined--,--undefined--,--undefined--,--undefined--,176.81311716413055,181.73048269079558,180.97755747237554,179.92719484147247,--undefined--,--undefined--,--undefined--,--undefined--,181.4413095451766,184.04976906791595,183.87670989185042,181.57870416554002,180.638869518559,177.86463336318,178.1428792238573,180.08125258778173,181.13041384501062,181.15588512860512,181.362062722879,179.6663865416062,179.15040987212993,175.46972525574103,170.0172258600619,171.2253555781995,170.61929017980088,166.98911775686702,161.80866285906194,189.91369187350443,180.42836904330318,178.25421628126202,172.59071266037432,172.35504360317748,169.25194060219013,160.22616635290987,158.67474824888916,151.1264413382831,146.69489373229814,147.88372230179547,161.96877256419472,176.92644813537925,182.72770836528647,204.64724294838314,208.36767401366282,216.76193399444867,223.97354047496233,229.87575557397025,232.06362200734876,231.572730739229,231.98676414436642,228.57547702282662,220.32571458154564,193.37564034378792,189.12886002019556,173.17353274374662,166.38040165699428,158.37437899429202,150.82030315741247,144.3534959673108,142.26389675948732,139.1259796292147,--undefined--,--undefined--,--undefined--,--undefined--,--undefined--,--undefined--,--undefined--,--undefined--,1.486077097505669,180.71226491086836
corr_37.wav,--undefined--,--undefined--,--undefined--,--undefined--,--undefined--,--undefined--,--undefined--,--undefined--,--undefined--,--undefined--,--undefined--,--undefined--,--undefined--,--undefined--,--undefined--,--undefined--,--undefined--,--undefined--,--undefined--,--undefined--,--undefined--,--undefined--,--undefined--,182.1081544096289,182.9459248206187,174.93829933681712,180.8125800916209,191.1226707675281,192.55694762372082,193.6580821037384,188.37925802485313,181.28705895590994,180.51326190834328,177.76313285142993,175.46072224744537,173.8998144927328,--undefined--,--undefined--,--undefined--,--undefined--,333.5672143186975,332.97273956786836,207.70607174150553,222.20716676752994,235.7810873795037,238.48223478723548,231.37027457781244,--undefined--,--undefined--,--undefined--,--undefined--,172.48522670108414,161.7603376499753,155.17595033557726,147.01687542241697,157.14989930520454,151.33514748866176,150.66173568129264,145.5145958819707,140.97006055378964,77.15060270537909,149.575033863856,--undefined--,--undefined--,--undefined--,--undefined--,--undefined--,--undefined--,--undefined--,--undefined--,--undefined--,--undefined--,--undefined--,--undefined--,--undefined--,--undefined--,--undefined--,--undefined--,2.6006349206349206,186.65574717302417
corr_38.wav,--undefined--,--undefined--,--undefined--,--undefined--,--undefined--,--undefined--,--undefined--,--undefined--,--undefined--,--undefined--,--undefined--,--undefined--,--undefined--,--undefined--,--undefined--,--undefined--,--undefined--,--undefined--,--undefined--,--undefined--,--undefined--,--undefined--,159.08816050169145,142.82222363345457,--undefined--,--undefined--,139.88738794871176,147.85693011522753,149.52012999577002,146.31778611222816,145.6128142230234,147.91541582164248,150.89845945289701,148.09594489971218,144.79789555270725,101.10335487365914,--undefined--,--undefined--,--undefined--,--undefined--,177.65466951819207,193.60797857514757,205.99605703499944,212.21413948956675,211.88635074219505,197.73021001070148,178.83205276154675,164.91379944792848,--undefined--,328.5372669503917,--undefined--,--undefined--,--undefined--,--undefined--,--undefined--,--undefined--,--undefined--,--undefined--,--undefined--,--undefined--,--undefined--,--undefined--,--undefined--,--undefined--,--undefined--,--undefined--,--undefined--,--undefined--,--undefined--,--undefined--,--undefined--,--undefined--,--undefined--,--undefined--,--undefined--,--undefined--,--undefined--,--undefined--,1.8575963718820863,171.20423941244732
corr_4.wav,--undefined--,--undefined--,--undefined--,--undefined--,--undefined--,--undefined--,--undefined--,--undefined--,--undefined--,--undefined--,--undefined--,--undefined--,--undefined--,--undefined--,--undefined--,--undefined--,--undefined--,--undefined--,--undefined--,--undefined--,--undefined--,--undefined--,--undefined--,--undefined--,--undefined--,--undefined--,--undefined--,--undefined--,--undefined--,--undefined--,--undefined--,--undefined--,198.08078995954952,180.4015996921745,181.73133311311443,180.63128177751096,165.67112645226786,152.70173550207096,159.69976506006185,161.55205694053674,154.70725406305272,146.49039938522932,151.01731705082298,189.9137550006364,188.44377985296177,190.18164967317344,196.89903337971884,179.8756632925246,173.734881100397,211.18413297416322,242.70092186931342,263.27067872492586,284.3635066166888,270.2136854142845,--undefined--,--undefined--,203.20282982396373,174.72243978585763,164.88469040148237,161.9240443276936,--undefined--,--undefined--,--undefined--,--undefined--,--undefined--,--undefined--,--undefined--,--undefined--,--undefined--,--undefined--,--undefined--,--undefined--,--undefined--,--undefined--,--undefined--,--undefined--,--undefined--,--undefined--,2.972154195011338,189.54616735516066
corr_42.wav,--undefined--,--undefined--,--undefined--,--undefined--,--undefined--,--undefined--,--undefined--,--undefined--,--undefined--,--undefined--,--undefined--,--undefined--,--undefined--,--undefined--,--undefined--,163.91953124723238,164.85126884230178,162.09295661468974,168.24858358434236,169.2912304095838,168.0243044027784,166.8819398436462,164.31286078092313,161.54410147228313,150.89956539200725,--undefined--,--undefined--,--undefined--,225.95120868881241,229.8798334974356,238.62394901946442,240.79607467676792,224.23961265938792,195.162387485309,176.35185725213233,163.00108566687354,156.2418848596078,151.10455061379142,156.28131358890582,162.0476835008321,--undefined--,--undefined--,--undefined--,--undefined--,--undefined--,--undefined--,--undefined--,--undefined--,--undefined--,--undefined--,--undefined--,--undefined--,--undefined--,--undefined--,--undefined--,--undefined--,--undefined--,--undefined--,--undefined--,--undefined--,--undefined--,--undefined--,--undefined--,--undefined--,--undefined--,--undefined--,--undefined--,--undefined--,--undefined--,--undefined--,--undefined--,--undefined--,--undefined--,--undefined--,--undefined--,--undefined--,--undefined--,--undefined--,2.6006349206349206,179.9885356408686
corr_44.wav,--undefined--,173.78174686867726,170.3370107488597,169.2382183988796,166.1938118625199,79.08796832731761,--undefined--,80.50164729382122,92.36277140596246,177.74386554113642,--undefined--,--undefined--,177.15574488161326,175.54051340739116,174.38783669581764,172.70768006598925,172.76020058204324,169.6586021311116,159.69910073902236,--undefined--,--undefined--,188.5350695688276,192.23270544691675,193.67977710584194,183.91540558266283,170.18545168719393,--undefined--,--undefined--,--undefined--,312.95530228994926,286.89641097858055,--undefined--,--undefined--,--undefined--,--undefined--,--undefined--,--undefined--,--undefined--,--undefined--,--undefined--,--undefined--,--undefined--,--undefined--,--undefined--,--undefined--,--undefined--,--undefined--,--undefined--,--undefined--,--undefined--,--undefined--,--undefined--,--undefined--,--undefined--,--undefined--,--undefined--,--undefined--,--undefined--,--undefined--,--undefined--,--undefined--,--undefined--,--undefined--,--undefined--,--undefined--,--undefined--,--undefined--,--undefined--,--undefined--,--undefined--,--undefined--,--undefined--,--undefined--,--undefined--,--undefined--,--undefined--,--undefined--,--undefined--,2.2291156462585033,174.52531098227894
corr_48.wav,--undefined--,--undefined--,--undefined--,--undefined--,--undefined--,--undefined--,--undefined--,--undefined--,--undefined--,--undefined--,177.10554545962682,174.77598632184925,164.14773135666564,178.83682447654448,181.7876623656872,180.02162711220151,175.92264175891376,168.95742170927315,170.65929442952026,181.28773728919387,183.9078902409968,185.21433226683237,189.7757191999908,189.81242103354563,175.4161289236425,176.06187995250727,186.53934604376022,183.37668383505604,177.31993485393238,174.53466213632578,170.19995684210195,167.24484561746183,165.58657642239865,161.82498359760652,149.73956353306306,140.26281337885894,159.36415815128981,144.10525562351566,148.46123931393035,--undefined--,--undefined--,--undefined--,246.6034561975004,225.9898193967541,217.89565058369084,198.02058886301546,170.7216465388898,153.3197136487482,148.324688154924,142.79092757932835,142.70149306086805,--undefined--,--undefined--,--undefined--,--undefined--,--undefined--,--undefined--,--undefined--,--undefined--,--undefined--,--undefined--,--undefined--,--undefined--,--undefined--,--undefined--,--undefined--,--undefined--,--undefined--,--undefined--,--undefined--,--undefined--,--undefined--,--undefined--,--undefined--,--undefined--,--undefined--,--undefined--,--undefined--,2.2291156462585033,174.43733808605293
corr_50.wav,--undefined--,--undefined--,--undefined--,--undefined--,--undefined--,--undefined--,--undefined--,--undefined--,--undefined--,--undefined--,--undefined--,--undefined--,--undefined--,--undefined--,--undefined--,--undefined--,--undefined--,--undefined--,--undefined--,--undefined--,--undefined--,--undefined--,--undefined--,--undefined--,--undefined--,--undefined--,--undefined--,--undefined--,--undefined--,--undefined--,--undefined--,--undefined--,--undefined--,--undefined--,--undefined--,--undefined--,--undefined--,--undefined--,--undefined--,--undefined--,--undefined--,--undefined--,--undefined--,--undefined--,242.81058834903862,257.64509370925845,248.7493886112371,--undefined--,--undefined--,181.29302600421104,168.2452887862251,160.34820532360027,153.40685732266988,161.9916856502485,156.54227533809552,160.05229639376367,156.251357708472,150.17451438172336,173.9919449071758,183.41811257696273,193.67443958080628,197.0045979361647,174.25769728553487,--undefined--,--undefined--,--undefined--,265.415151131148,--undefined--,319.1102802697566,290.8190253774928,289.0904886059957,265.2063870326673,218.13390238384358,153.63999827112016,--undefined--,288.3360936172519,319.71006019738235,315.95371475274055,2.6006349206349206,216.4915730186884
corr_53.wav,--undefined--,--undefined--,--undefined--,--undefined--,--undefined--,--undefined--,--undefined--,--undefined--,--undefined--,--undefined--,--undefined--,--undefined--,--undefined--,--undefined--,--undefined--,--undefined--,--undefined--,--undefined--,--undefined--,--undefined--,--undefined--,213.33149248648346,228.189529584897,223.146043723856,219.44299784687897,224.7838928098158,216.19467609805022,196.05048389914853,194.63215425385937,195.47996479806952,193.19069064940538,192.18238892889968,190.92070529458087,179.9524959923356,170.24583070906587,180.3864822355914,182.2847516002258,175.77165980473399,172.0707109230008,166.62433495329185,155.86003841715197,156.86275390491951,163.13334535885755,158.48353914214147,153.06412982218183,151.61921634370992,143.4748378911749,145.12155289709204,141.82806558657748,--undefined--,238.3932393158427,142.71918357886105,144.95405944955738,149.06155499227216,145.8516660846952,148.70757747394697,--undefined--,--undefined--,--undefined--,--undefined--,--undefined--,--undefined--,--undefined--,--undefined--,--undefined--,--undefined--,--undefined--,--undefined--,--undefined--,--undefined--,--undefined--,--undefined--,--undefined--,--undefined--,--undefined--,--undefined--,--undefined--,--undefined--,2.972154195011338,178.05929549562268
corr_56.wav,--undefined--,--undefined--,--undefined--,197.32642749469264,200.16079661195556,--undefined--,--undefined--,--undefined--,217.28519378455573,221.4841457309299,221.28805870809956,217.8477927286315,--undefined--,--undefined--,--undefined--,206.52173080325767,187.1960578474278,174.14865531688235,174.68598000413994,175.85491068477367,170.79239903537237,169.726469926962,170.85256644344256,175.3158476753294,178.9615856251408,178.67753625966225,169.15956232176785,179.41058011115433,186.45158250855383,190.25573371209708,195.83897439144687,196.25056209324353,196.42415419984917,196.45341979572393,195.93092157567446,195.19855693047808,189.2816719765669,178.4303157676648,177.1862842586257,185.09777785196778,198.2041044521745,201.2866326243596,205.99273689768415,208.86566278972,206.52765994498557,198.33184280442282,188.75378077201023,172.38931641450742,--undefined--,--undefined--,--undefined--,--undefined--,--undefined--,--undefined--,--undefined--,--undefined--,--undefined--,--undefined--,--undefined--,--undefined--,--undefined--,--undefined--,--undefined--,--undefined--,--undefined--,--undefined--,--undefined--,--undefined--,--undefined--,--undefined--,--undefined--,--undefined--,--undefined--,--undefined--,--undefined--,--undefined--,--undefined--,--undefined--,1.8575963718820863,191.02174330451112
corr_58.wav,--undefined--,--undefined--,--undefined--,--undefined--,--undefined--,--undefined--,--undefined--,--undefined--,--undefined--,--undefined--,--undefined--,--undefined--,--undefined--,--undefined--,--undefined--,213.6791384545789,222.92712115699536,236.31432239799992,222.68639242091243,223.78107913547368,226.47147060628214,212.66586795398618,170.6814055348775,159.4753788756884,151.38353188732736,151.22944503984175,150.75678540196924,154.48569071831326,159.98597949451806,160.59133054541294,161.160702014059,159.39780260726027,--undefined--,--undefined--,--undefined--,285.5697149836342,--undefined--,220.2109779216901,195.02555093526024,201.5612315446451,207.13455018194477,214.3447102990956,222.15775918164,230.51046892718088,230.2863847633887,213.50897233046942,--undefined--,222.55714758318697,--undefined--,--undefined--,142.3035859033951,133.66237451102367,126.15086435761837,119.92240723468119,101.02828126174575,104.92056641668167,121.13020328010138,116.41473933435469,123.86115236299737,136.05680249276344,139.0970621711224,--undefined--,--undefined--,--undefined--,--undefined--,--undefined--,--undefined--,--undefined--,--undefined--,--undefined--,--undefined--,--undefined--,--undefined--,--undefined--,--undefined--,--undefined--,--undefined--,--undefined--,1.8575963718820863,178.07920390318253
corr_59.wav,--undefined--,--undefined--,--undefined--,--undefined--,--undefined--,--undefined--,--undefined--,--undefined--,--undefined--,--undefined--,--undefined--,--undefined--,--undefined--,--undefined--,--undefined--,--undefined--,--undefined--,--undefined--,--undefined--,--undefined--,--undefined--,--undefined--,--undefined--,--undefined--,--undefined--,--undefined--,--undefined--,--undefined--,--undefined--,--undefined--,--undefined--,--undefined--,201.79119389902482,211.41420021634084,208.2005553693201,203.56350081723366,181.3081149859414,166.97216478654457,151.93886323521065,138.4024732450255,144.65680878629996,145.76705893721203,146.88958124311395,147.1360919675296,141.5290858086238,147.75491305070437,170.49475646687773,177.0999061606623,179.16263114482175,238.05978952375196,--undefined--,--undefined--,--undefined--,301.953692622699,204.02197900723385,218.29076860455547,225.28033928256687,225.42978426710158,216.907458619917,200.14805146369963,169.16811004827164,154.8466009113143,132.73873966999372,138.31683055288778,139.9310116734142,141.01718515324384,140.40774317584223,138.84976402453935,145.37468015422218,141.9496957952384,--undefined--,--undefined--,--undefined--,--undefined--,--undefined--,--undefined--,--undefined--,--undefined--,2.972154195011338,175.336403562028
corr_60.wav,--undefined--,--undefined--,--undefined--,--undefined--,--undefined--,--undefined--,--undefined--,--undefined--,--undefined--,--undefined--,--undefined--,--undefined--,--undefined--,--undefined--,--undefined--,--undefined--,--undefined--,--undefined--,195.24656976184113,208.2814648200217,206.25793388722408,210.4139889454591,223.79464688580572,184.15941370185772,166.77961466569172,153.84140608183864,151.10166141544983,148.5666662706509,143.8268864337574,149.96972976513052,154.5092043157937,143.57017297885977,153.44712627045803,158.94441541474754,172.73883447242272,177.28010444388244,179.20040702322848,178.7685626949419,172.37643279501137,172.56142083070284,184.73431242888952,205.14794315117314,208.7514150041452,217.53045805794872,216.79286154789762,209.60986304280937,--undefined--,213.8560235590345,--undefined--,--undefined--,--undefined--,--undefined--,85.78412064239348,75.39858749032439,--undefined--,--undefined--,--undefined--,--undefined--,--undefined--,--undefined--,--undefined--,--undefined--,--undefined--,--undefined--,--undefined--,--undefined--,--undefined--,--undefined--,--undefined--,--undefined--,--undefined--,--undefined--,--undefined--,--undefined--,--undefined--,--undefined--,--undefined--,--undefined--,2.6006349206349206,174.94329834836753
corr_61.wav,--undefined--,--undefined--,--undefined--,--undefined--,--undefined--,--undefined--,--undefined--,--undefined--,--undefined--,--undefined--,--undefined--,--undefined--,--undefined--,--undefined--,--undefined--,--undefined--,--undefined--,--undefined--,--undefined--,--undefined--,--undefined--,--undefined--,168.00720929850579,167.1581126268464,151.85841741853451,144.28308231491258,143.56958962712497,139.6826460475515,146.951131056934,147.5945064373137,145.24367071795794,147.11783179606698,141.3377964532013,102.74648304632508,--undefined--,--undefined--,--undefined--,--undefined--,183.94828947501586,203.38671671401008,214.48949012885265,222.78980023964803,227.52152287313692,231.0108746832928,228.66271514039124,226.16539085341793,--undefined--,--undefined--,--undefined--,--undefined--,--undefined--,128.52218399163883,105.81964210009838,--undefined--,--undefined--,79.2093027485514,--undefined--,100.4320091316796,--undefined--,--undefined--,--undefined--,--undefined--,--undefined--,--undefined--,--undefined--,--undefined--,--undefined--,--undefined--,--undefined--,--undefined--,--undefined--,--undefined--,--undefined--,--undefined--,--undefined--,--undefined--,--undefined--,--undefined--,1.8575963718820863,162.396183955042
corr_64.wav,--undefined--,--undefined--,--undefined--,--undefined--,--undefined--,--undefined--,--undefined--,--undefined--,--undefined--,--undefined--,--undefined--,--undefined--,--undefined--,--undefined--,--undefined--,181.1806392503208,170.93602199838858,156.0415795336801,166.1123580199195,170.98419427798444,172.6712505435359,168.5243863562247,164.80581516868287,162.33262299361414,162.06733475487712,167.01068516981795,168.4877577101844,167.69294243611225,165.94683300506244,163.76096118152554,155.92780535383852,156.28465603131215,167.75662623583614,172.59109872434036,173.36850356144694,170.63725894755888,166.64323762209014,163.4521266603725,158.84653475886842,158.3669116418771,158.8652315730723,160.5177177277943,162.7813584061219,169.10597843472954,183.19597596393422,208.06544329530468,225.70582313543287,231.4968726773271,235.51967486400943,230.66732823240608,229.46000132798434,--undefined--,--undefined--,198.3702868557359,173.2715939161869,--undefined--,--undefined--,--undefined--,--undefined--,--undefined--,119.39944523406203,121.13876315455872,138.41985100412793,140.28345907996834,149.77271333328352,144.66498642767522,--undefined--,--undefined--,--undefined--,--undefined--,--undefined--,--undefined--,--undefined--,--undefined--,--undefined--,--undefined--,--undefined--,--undefined--,1.8575963718820863,171.2075601495725
corr_65.wav,--undefined--,--undefined--,--undefined--,--undefined--,--undefined--,--undefined--,--undefined--,--undefined--,--undefined--,172.30950899421018,153.93938608337166,170.37719953542214,165.08600025520855,162.85659794401965,155.14498203918114,154.32334277657762,150.3327720223397,342.98497711686895,--undefined--,--undefined--,251.70399212126264,260.4666294622378,--undefined--,--undefined--,84.32492993903882,153.57006962961225,147.37685147594334,145.01285398161932,143.59295274657836,141.69569524870036,--undefined--,--undefined--,--undefined--,--undefined--,--undefined--,--undefined--,--undefined--,--undefined--,--undefined--,--undefined--,--undefined--,--undefined--,--undefined--,--undefined--,--undefined--,--undefined--,--undefined--,--undefined--,--undefined--,--undefined--,--undefined--,--undefined--,--undefined--,--undefined--,--undefined--,--undefined--,--undefined--,--undefined--,--undefined--,--undefined--,--undefined--,--undefined--,--undefined--,--undefined--,--undefined--,--undefined--,--undefined--,--undefined--,--undefined--,--undefined--,--undefined--,--undefined--,--undefined--,--undefined--,--undefined--,--undefined--,--undefined--,--undefined--,3.7151927437641725,173.829337727776
corr_72.wav,--undefined--,--undefined--,--undefined--,--undefined--,--undefined--,--undefined--,--undefined--,--undefined--,--undefined--,--undefined--,--undefined--,--undefined--,--undefined--,--undefined--,--undefined--,--undefined--,--undefined--,--undefined--,--undefined--,--undefined--,--undefined--,--undefined--,85.2353539713894,77.56259556437625,78.77909730204532,--undefined--,--undefined--,--undefined--,--undefined--,--undefined--,148.03169133469163,143.97899769866044,140.56421626829808,137.7939999362116,139.7958967727926,140.38916918148425,140.99876106724406,141.29320927096106,140.49110297120498,140.8246301953013,142.26289832812543,156.8550303244998,159.8211470150095,167.70594943461623,179.4213309426912,191.46085129111452,199.80187266140106,205.1541728882503,210.8150498599311,216.04152897257157,213.4061729749774,--undefined--,--undefined--,--undefined--,--undefined--,--undefined--,--undefined--,--undefined--,--undefined--,--undefined--,--undefined--,--undefined--,--undefined--,--undefined--,--undefined--,--undefined--,--undefined--,--undefined--,--undefined--,--undefined--,--undefined--,--undefined--,--undefined--,--undefined--,--undefined--,--undefined--,--undefined--,--undefined--,1.8575963718820863,154.10353025949374
corr_74.wav,--undefined--,--undefined--,--undefined--,179.95271176346446,--undefined--,--undefined--,--undefined--,179.25359488851464,176.81531299698867,169.84909188780642,165.85689024639044,161.28994944440552,--undefined--,--undefined--,--undefined--,149.31645565650928,138.90828035865061,--undefined--,75.77205627179782,76.17142056957832,137.73621729139126,--undefined--,--undefined--,--undefined--,--undefined--,--undefined--,--undefined--,--undefined--,237.90799075319194,230.04864542303415,239.64250282668635,254.6812638225725,266.08873101206467,276.123272397151,276.852700203774,267.0044764332792,271.9387186113865,--undefined--,221.75390643704554,203.47242634142856,181.54801197117033,167.02375872637342,158.21408742014867,152.19944748616848,152.3756405869161,149.49325827471776,149.80961036554575,148.3024583541449,146.14850004188236,145.70775340487575,143.47510293978985,144.6817189598707,144.98740920589867,143.48002744387674,138.1609180973699,--undefined--,--undefined--,--undefined--,--undefined--,--undefined--,--undefined--,--undefined--,--undefined--,--undefined--,--undefined--,--undefined--,--undefined--,--undefined--,--undefined--,--undefined--,--undefined--,--undefined--,--undefined--,--undefined--,--undefined--,--undefined--,--undefined--,--undefined--,1.8575963718820863,178.97417078150977
corr_8.wav,--undefined--,--undefined--,--undefined--,--undefined--,--undefined--,--undefined--,--undefined--,--undefined--,--undefined--,--undefined--,--undefined--,--undefined--,--undefined--,--undefined--,--undefined--,--undefined--,--undefined--,--undefined--,--undefined--,--undefined--,--undefined--,--undefined--,--undefined--,--undefined--,--undefined--,--undefined--,--undefined--,162.32910365719434,158.8984041365077,158.38864569077768,150.44639611240683,150.1470224721231,157.8535958962974,162.4859717633924,148.8034217030391,146.60571115632666,--undefined--,--undefined--,--undefined--,--undefined--,211.18431295814324,224.39625892160595,215.74665493549213,184.22261368587255,--undefined--,--undefined--,--undefined--,--undefined--,--undefined--,--undefined--,--undefined--,--undefined--,--undefined--,--undefined--,--undefined--,--undefined--,--undefined--,--undefined--,--undefined--,--undefined--,--undefined--,--undefined--,--undefined--,--undefined--,--undefined--,--undefined--,--undefined--,--undefined--,--undefined--,--undefined--,--undefined--,--undefined--,--undefined--,--undefined--,--undefined--,--undefined--,--undefined--,--undefined--,2.6006349206349206,171.65447023762914
corr_80.wav,--undefined--,--undefined--,--undefined--,--undefined--,--undefined--,--undefined--,--undefined--,--undefined--,--undefined--,--undefined--,--undefined--,--undefined--,--undefined--,--undefined--,--undefined--,--undefined--,--undefined--,--undefined--,157.7235763332044,151.62522505333993,--undefined--,166.62261327577363,162.9134660643578,160.35724033892996,155.45570605352071,150.4564061096948,140.62656031670124,143.5304472463226,155.58993980899706,159.06531564064483,160.16642262320747,162.4121229496843,167.81956624675374,169.56633993992935,166.61856991138308,--undefined--,195.47142973705613,164.95427984300022,173.8372648493474,180.32635786964957,177.24432445635958,172.46446076003983,--undefined--,--undefined--,--undefined--,--undefined--,--undefined--,215.8432540693545,233.1972282587822,242.0269736905527,256.4606810777921,266.8858933801358,264.9001742431938,238.01114795948172,207.72017562116608,169.74438588121632,151.58519533006273,142.98819825393355,143.55256208411646,159.62255227284686,144.82572399743995,--undefined--,--undefined--,75.17527572821226,--undefined--,--undefined--,75.7560256656503,--undefined--,--undefined--,--undefined--,--undefined--,--undefined--,--undefined--,--undefined--,--undefined--,--undefined--,--undefined--,--undefined--,2.2291156462585033,173.24060744583778
norm_1.wav,--undefined--,--undefined--,--undefined--,--undefined--,--undefined--,--undefined--,--undefined--,--undefined--,--undefined--,--undefined--,--undefined--,--undefined--,--undefined--,--undefined--,253.38584406314922,--undefined--,--undefined--,203.5958085247937,187.8030133309367,177.65835487614154,177.4609613539696,179.59984076322212,188.0077734911715,194.90467220542308,196.66525866928217,224.11219145184123,214.8256287336875,217.0759200048592,225.2996406037127,226.30475960333422,--undefined--,--undefined--,246.5890167409493,249.6320196892758,260.3634278676313,85.85005932806105,190.89147060291958,--undefined--,188.30198462740861,132.37785867977823,77.42910157243182,--undefined--,--undefined--,--undefined--,--undefined--,--undefined--,--undefined--,--undefined--,--undefined--,--undefined--,--undefined--,--undefined--,--undefined--,--undefined--,--undefined--,--undefined--,--undefined--,--undefined--,--undefined--,--undefined--,--undefined--,--undefined--,--undefined--,--undefined--,--undefined--,--undefined--,--undefined--,--undefined--,--undefined--,--undefined--,--undefined--,--undefined--,--undefined--,--undefined--,--undefined--,--undefined--,--undefined--,--undefined--,4.08671201814059,195.36975485381728
norm_13.wav,--undefined--,--undefined--,--undefined--,--undefined--,--undefined--,--undefined--,--undefined--,--undefined--,--undefined--,--undefined--,--undefined--,--undefined--,--undefined--,--undefined--,--undefined--,--undefined--,209.88758321771203,216.0887794337806,209.3615011817261,--undefined--,205.09187720274932,213.88840604526757,212.63950823755036,205.53290094463156,206.69771926744065,203.51965515611022,194.3076421524261,357.0045983814321,--undefined--,179.14215554676932,169.40079026334402,174.37393819919225,--undefined--,--undefined--,--undefined--,168.41251079633273,166.0420154708834,161.37416306468643,158.28183394679291,158.1714497123472,151.40478048612292,161.8884630019534,--undefined--,--undefined--,--undefined--,--undefined--,--undefined--,--undefined--,--undefined--,--undefined--,--undefined--,--undefined--,--undefined--,--undefined--,--undefined--,--undefined--,--undefined--,--undefined--,--undefined--,--undefined--,--undefined--,--undefined--,--undefined--,--undefined--,--undefined--,--undefined--,--undefined--,--undefined--,--undefined--,--undefined--,--undefined--,--undefined--,--undefined--,--undefined--,--undefined--,--undefined--,--undefined--,--undefined--,2.6006349206349206,194.40534627186912
norm_18.wav,--undefined--,--undefined--,--undefined--,--undefined--,--undefined--,--undefined--,--undefined--,--undefined--,--undefined--,--undefined--,--undefined--,--undefined--,--undefined--,--undefined--,--undefined--,--undefined--,--undefined--,--undefined--,202.08194527853541,199.64420121991188,184.05283037866815,198.381257867462,206.31387046680052,205.78904873151043,205.18073203150604,203.301649845255,199.16302175870925,198.16826880086657,198.29084020611614,195.39886734393698,188.9905086526346,--undefined--,--undefined--,77.69482366753746,--undefined--,134.48657444189533,164.07500610874467,160.92657928547914,159.74210895844988,146.47632101413947,--undefined--,154.89895313437665,149.34246205585805,135.30545641858498,--undefined--,--undefined--,--undefined--,--undefined--,138.4669848916166,143.86097244530492,142.83301396801298,133.36918656788512,129.00506980714877,141.87818331079458,--undefined--,--undefined--,--undefined--,--undefined--,--undefined--,--undefined--,--undefined--,--undefined--,--undefined--,--undefined--,--undefined--,--undefined--,--undefined--,--undefined--,--undefined--,--undefined--,--undefined--,--undefined--,--undefined--,--undefined--,--undefined--,--undefined--,--undefined--,--undefined--,2.2291156462585033,167.7542406663479
norm_19.wav,--undefined--,--undefined--,--undefined--,--undefined--,--undefined--,--undefined--,--undefined--,--undefined--,--undefined--,--undefined--,--undefined--,--undefined--,--undefined--,--undefined--,--undefined--,--undefined--,--undefined--,--undefined--,--undefined--,175.73129566863315,174.70777521444134,161.27752794574178,168.43090222767893,176.89186914095484,176.27019113678304,173.53658874433836,170.59865895158103,165.81836613467186,169.03240556760647,174.13761073849435,173.54194481262405,172.58458007918887,173.6092679653696,172.44517448626982,162.4208032609751,157.7816737065941,166.69170254203246,169.58984185294207,166.04292644314268,173.64449828014685,173.27832376816568,174.56346108284055,173.14148183158193,168.5090469372689,156.20375249453923,--undefined--,--undefined--,156.15928171423747,151.81246288915668,144.21648733344406,143.80782613838073,139.0382761573844,133.64761452175037,133.97668521068803,135.73790259788697,--undefined--,--undefined--,--undefined--,--undefined--,--undefined--,--undefined--,--undefined--,--undefined--,--undefined--,--undefined--,--undefined--,--undefined--,--undefined--,--undefined--,--undefined--,--undefined--,--undefined--,--undefined--,--undefined--,--undefined--,--undefined--,--undefined--,--undefined--,2.2291156462585033,163.4964178699275
norm_2.wav,--undefined--,--undefined--,--undefined--,--undefined--,--undefined--,--undefined--,--undefined--,--undefined--,--undefined--,--undefined--,--undefined--,--undefined--,--undefined--,--undefined--,--undefined--,--undefined--,--undefined--,--undefined--,--undefined--,--undefined--,--undefined--,--undefined--,--undefined--,178.08549854531515,175.04023180597176,172.66201567958674,171.31335152395974,172.08363400425947,168.56866616145712,168.67574768354496,163.96201900837403,167.32845158111792,167.10928528841495,161.62131914735286,--undefined--,--undefined--,--undefined--,--undefined--,197.07495494147037,193.1027620762131,196.8366545234954,199.39687197502883,194.6019038884532,184.7861192578759,200.07710124689098,223.0467938032062,196.98821795985336,--undefined--,--undefined--,220.16877100201708,183.99863562978535,172.182568767708,165.81014922431476,160.7282810968198,157.62153947366986,156.52525754765574,156.19056223445165,148.10059690202212,150.0576301376404,150.54171463643522,161.04279763743446,163.47622938121717,--undefined--,--undefined--,--undefined--,--undefined--,--undefined--,--undefined--,--undefined--,--undefined--,--undefined--,--undefined--,--undefined--,--undefined--,--undefined--,--undefined--,--undefined--,--undefined--,2.2291156462585033,175.72140405372775
norm_23.wav,--undefined--,--undefined--,--undefined--,--undefined--,--undefined--,--undefined--,--undefined--,--undefined--,--undefined--,--undefined--,--undefined--,--undefined--,--undefined--,--undefined--,--undefined--,--undefined--,--undefined--,--undefined--,--undefined--,--undefined--,--undefined--,--undefined--,--undefined--,--undefined--,--undefined--,165.00295766653102,179.37130045363855,171.316653077717,171.74590955829325,169.5271964322705,169.9359792856197,167.4785581237873,166.38243324359212,156.89124346374876,148.56895888320582,155.29090912343116,150.9822793969933,150.46568336502614,150.88198363345182,148.54777041508723,152.9607628882821,169.85806718563967,174.08860996356685,182.07037939388715,179.9468211876606,181.2247725039706,185.42933712349674,--undefined--,--undefined--,--undefined--,194.18226580075773,172.7457292086954,166.4060073321429,157.5136342734369,152.09400027473393,139.09412322645727,--undefined--,158.78956911332583,142.23237933543564,131.71051927711676,135.4533156048104,138.73087719492958,139.8410543826238,--undefined--,--undefined--,--undefined--,--undefined--,--undefined--,--undefined--,--undefined--,--undefined--,--undefined--,--undefined--,--undefined--,--undefined--,--undefined--,--undefined--,--undefined--,2.6006349206349206,161.0812365115695
norm_24.wav,--undefined--,--undefined--,--undefined--,--undefined--,--undefined--,--undefined--,--undefined--,--undefined--,--undefined--,--undefined--,--undefined--,161.93151636658206,172.40608867603663,168.12257584694802,83.68832502156573,173.98770065796904,178.07396168235024,179.56068174981246,175.61928888230378,171.84778166354755,162.46364381608763,160.46880716703896,163.76087590708087,164.72884052903183,163.82480331556368,166.68322703109877,166.203477172437,159.8282793485371,156.0579678122935,162.79433493437085,178.61026882288772,178.56105440916153,176.51732247449544,173.05279298366267,172.0870982704939,169.9821682141352,165.64758273634703,160.0134193360123,146.8553665693162,165.9252503352125,155.40966677848985,151.2089686924841,151.12665488248805,153.7076225862297,155.03667886800832,144.30094954025083,156.83336118698196,159.3874082712432,153.47852050136325,--undefined--,--undefined--,--undefined--,--undefined--,152.8639700947308,149.04970549364822,145.81149407075213,143.65791288688442,142.87055144176404,--undefined--,--undefined--,--undefined--,--undefined--,--undefined--,--undefined--,--undefined--,--undefined--,--undefined--,--undefined--,--undefined--,--undefined--,--undefined--,--undefined--,--undefined--,--undefined--,--undefined--,--undefined--,--undefined--,--undefined--,2.2291156462585033,160.3266969076209
norm_25.wav,--undefined--,--undefined--,--undefined--,--undefined--,--undefined--,--undefined--,--undefined--,--undefined--,--undefined--,--undefined--,--undefined--,--undefined--,166.34163790183987,179.79615012484024,170.94500347277406,--undefined--,--undefined--,173.4527667668713,178.30005068042666,176.9168678469639,173.56206195749522,167.56682982188528,162.78785380441357,168.63312862120102,172.31111279105724,172.55633856307665,171.97821867199082,171.15189528906967,163.18077092391303,--undefined--,--undefined--,--undefined--,156.0783062523387,172.25047711285202,168.58845903220822,169.1927346141347,166.7273723900761,159.46501447900962,--undefined--,--undefined--,--undefined--,173.76159791350702,173.76055828417125,171.452527849712,169.71715821843333,169.5467826053713,171.4205942380538,154.1397899897977,--undefined--,375.9858906150728,371.7218190754282,--undefined--,--undefined--,--undefined--,--undefined--,151.96858431339075,151.06251554262795,152.04874991780906,154.53701720546746,153.4914439788061,151.18427494980992,--undefined--,--undefined--,--undefined--,156.77275598559007,154.41718257265256,156.29403581565794,155.48226517135646,152.98387986290757,147.22217336479355,--undefined--,--undefined--,--undefined--,--undefined--,--undefined--,--undefined--,--undefined--,--undefined--,2.2291156462585033,174.54177734735373
norm_26.wav,--undefined--,--undefined--,--undefined--,--undefined--,--undefined--,--undefined--,--undefined--,--undefined--,--undefined--,--undefined--,--undefined--,--undefined--,--undefined--,--undefined--,177.8500670249826,174.5588198601141,175.02634599270849,165.20712074668964,175.53097520977835,--undefined--,198.62726177103156,188.93343682076923,182.18229370439835,175.70299022947324,172.122352273566,171.76828715909062,173.42695048878628,170.3002159304116,169.34205528556683,170.52555859032043,167.45469865029858,157.50875024795792,167.70319209777043,166.88642313809734,164.22490911649635,168.29148257232129,163.60745329752797,163.06108330319765,161.4591583856205,159.5780976021871,162.29549759118797,167.64465696606217,176.3275327118694,189.20961349956613,194.50612756599352,192.511805265764,186.3552723411077,177.5451571165452,166.90587068317055,158.63489230145893,155.73958166996374,149.38567877256932,148.76374454503446,148.0254065630528,145.7534825660273,149.74706015187763,147.6689759318245,147.4592570698166,147.7989008571735,151.25845338433624,156.97113251508316,155.3840308109885,150.1845436584442,--undefined--,--undefined--,--undefined--,--undefined--,--undefined--,--undefined--,--undefined--,--undefined--,--undefined--,--undefined--,--undefined--,--undefined--,--undefined--,--undefined--,--undefined--,2.2291156462585033,166.81159695912663
norm_29.wav,--undefined--,218.75928509463938,206.2952432154126,208.8315701791624,204.21542363749973,201.03314485563718,197.89693836004136,193.28692119249166,179.13503466435682,175.13822543967362,--undefined--,185.94199641295899,175.50998916979393,169.27100904410048,--undefined--,--undefined--,--undefined--,--undefined--,164.49787071719805,162.80615362362502,159.9013447821469,--undefined--,--undefined--,--undefined--,173.3374867338914,156.5614942373615,136.46403490072424,142.0591710517466,--undefined--,--undefined--,--undefined--,--undefined--,163.84561436463585,163.04002709128613,161.9636189725362,162.74422151744298,163.15709235138095,162.2667547166891,156.79783947831902,155.17349137951604,166.84417700649033,169.66953317863909,--undefined--,--undefined--,--undefined--,--undefined--,--undefined--,--undefined--,--undefined--,--undefined--,--undefined--,--undefined--,--undefined--,--undefined--,--undefined--,--undefined--,--undefined--,--undefined--,--undefined--,--undefined--,--undefined--,--undefined--,--undefined--,--undefined--,--undefined--,--undefined--,--undefined--,--undefined--,--undefined--,--undefined--,--undefined--,--undefined--,--undefined--,--undefined--,--undefined--,--undefined--,--undefined--,--undefined--,1.486077097505669,173.67050715066887
norm_30.wav,--undefined--,--undefined--,--undefined--,--undefined--,--undefined--,--undefined--,--undefined--,--undefined--,--undefined--,--undefined--,--undefined--,--undefined--,--undefined--,--undefined--,--undefined--,--undefined--,--undefined--,--undefined--,--undefined--,--undefined--,--undefined--,--undefined--,--undefined--,--undefined--,--undefined--,--undefined--,196.2142623967214,187.78052528582563,188.66566501754585,185.70573470327895,173.29895051805838,188.6409834352367,186.20694326152386,183.34789443793338,178.75506714767621,174.86539606638038,172.2508971825353,172.28199041149867,171.31242822367773,172.63332726526525,172.39560691215956,170.5826370704532,167.1386631100359,158.2561667713114,151.55062322024983,180.44521836680485,165.9858323090487,167.4872272083599,168.98655705226815,170.20071373191814,170.16191734967023,169.04225063972555,161.18504465577286,--undefined--,158.84717583330837,--undefined--,--undefined--,--undefined--,--undefined--,222.94116179849647,169.05318167377933,165.272008078968,163.14377086218926,160.94195279110886,159.85910876801736,158.1182926982823,151.48830381994827,135.070589214501,--undefined--,--undefined--,--undefined--,160.73416461766465,156.05283107674109,--undefined--,80.41450764338273,79.91023498118028,81.54428449683043,171.5578307576254,1.8575963718820863,164.65878890378966
norm_33.wav,--undefined--,--undefined--,--undefined--,--undefined--,--undefined--,--undefined--,--undefined--,--undefined--,--undefined--,--undefined--,--undefined--,--undefined--,--undefined--,--undefined--,--undefined--,--undefined--,--undefined--,--undefined--,--undefined--,183.88395686367346,170.64455445745418,162.4970526348068,172.26729675335432,177.76051544088233,182.39146658344558,179.9352615216956,176.30969168949343,171.5437889721837,165.58309553576075,157.22730975052446,161.3035683480746,163.42337808922994,164.73664872879738,169.35562096897118,175.62172917064967,181.6516041009212,179.54423872849662,192.34653171081206,191.99531532841246,185.33507696837663,179.86700226765632,176.8399999775773,175.75729163154244,170.87201551167982,169.53829475161047,167.7058443242922,169.15147247538778,170.68745987642828,165.7628169587486,157.02253551834426,134.89288646653588,152.8414989709415,153.98486010175455,141.65906270253947,144.620794281248,150.09987862178303,147.9396643630385,148.6662046304135,151.38711667994386,151.59259229764672,151.28730076236232,151.5950939660776,152.45077636950967,147.4209450522945,--undefined--,--undefined--,--undefined--,--undefined--,--undefined--,--undefined--,--undefined--,--undefined--,--undefined--,--undefined--,--undefined--,--undefined--,--undefined--,--undefined--,2.6006349206349206,165.53335802011944
norm_35.wav,--undefined--,--undefined--,--undefined--,--undefined--,--undefined--,--undefined--,--undefined--,--undefined--,--undefined--,--undefined--,--undefined--,--undefined--,--undefined--,--undefined--,--undefined--,--undefined--,--undefined--,--undefined--,242.35910070911638,256.7783793185864,248.36688150822488,279.600884067501,293.3771742534199,292.74632661380645,287.1257817133945,271.2333802315208,271.8960687951993,270.5608621520262,262.2185790832043,249.9032441139158,225.59975390843823,--undefined--,--undefined--,--undefined--,263.5937135980704,240.13061573773695,242.54913908873112,244.42940999859496,244.52621604198248,242.4717982396153,238.52416553421216,234.19304872335107,218.88298839356645,196.72724079037545,178.1059377688712,166.69125737827125,157.81237169861623,151.54284106632585,145.22157494436618,149.64102712527279,--undefined--,--undefined--,--undefined--,--undefined--,75.24975287187448,147.7910707508124,237.64504397032064,226.02554318667399,75.30693900326214,--undefined--,--undefined--,--undefined--,--undefined--,--undefined--,--undefined--,--undefined--,--undefined--,--undefined--,--undefined--,--undefined--,--undefined--,--undefined--,--undefined--,--undefined--,--undefined--,--undefined--,--undefined--,--undefined--,2.6006349206349206,221.4361209523311
norm_39.wav,--undefined--,--undefined--,--undefined--,--undefined--,--undefined--,--undefined--,--undefined--,--undefined--,--undefined--,--undefined--,--undefined--,--undefined--,--undefined--,--undefined--,--undefined--,--undefined--,--undefined--,159.78171953963403,145.58211007709448,--undefined--,--undefined--,158.2670152679868,162.00672361001727,161.43850294847982,159.0476520544339,153.83454685669733,156.23286555000217,153.42574047402707,151.2185947243112,150.3303612043619,152.64968379977066,136.29754357321286,--undefined--,--undefined--,--undefined--,--undefined--,--undefined--,179.73770789939445,178.93905516948598,178.2235002563,178.0698145686248,175.57127125839597,168.6127316912389,158.921413890371,148.19990772068624,141.0774519882803,140.492761696405,138.7252850788544,138.46168423454967,--undefined--,--undefined--,--undefined--,--undefined--,--undefined--,--undefined--,--undefined--,--undefined--,--undefined--,--undefined--,--undefined--,--undefined--,--undefined--,--undefined--,--undefined--,--undefined--,--undefined--,--undefined--,--undefined--,--undefined--,--undefined--,--undefined--,--undefined--,--undefined--,--undefined--,--undefined--,--undefined--,--undefined--,--undefined--,2.2291156462585033,157.00582580530462
norm_40.wav,--undefined--,--undefined--,--undefined--,--undefined--,--undefined--,--undefined--,--undefined--,--undefined--,--undefined--,--undefined--,--undefined--,--undefined--,--undefined--,--undefined--,--undefined--,77.82335161609676,81.360744859628,159.9288923975965,157.1078063517601,165.04742400827965,162.63941899620684,160.68231561052653,156.75864214436223,156.16815722684404,156.5897766976712,154.12869407508794,140.66882020259,--undefined--,--undefined--,164.05000182127532,168.39501642767053,177.91062819931466,191.77520917416456,211.8340602185755,208.03666909088705,201.9053753293889,325.81817193816244,231.92691218197854,208.96393567239673,195.36562460950563,--undefined--,--undefined--,--undefined--,163.004545686698,156.75190669882198,152.62194809878238,147.95404301351013,148.8909658196649,139.79372375914775,--undefined--,--undefined--,--undefined--,--undefined--,--undefined--,--undefined--,149.06941907007393,155.20982563662298,158.6000910960624,--undefined--,--undefined--,--undefined--,--undefined--,--undefined--,--undefined--,--undefined--,--undefined--,--undefined--,--undefined--,--undefined--,--undefined--,--undefined--,--undefined--,--undefined--,--undefined--,--undefined--,--undefined--,--undefined--,--undefined--,2.6006349206349206,168.33694117904227
norm_41.wav,--undefined--,--undefined--,--undefined--,--undefined--,--undefined--,--undefined--,--undefined--,--undefined--,--undefined--,--undefined--,--undefined--,--undefined--,--undefined--,--undefined--,--undefined--,--undefined--,--undefined--,--undefined--,--undefined--,--undefined--,--undefined--,--undefined--,--undefined--,--undefined--,--undefined--,--undefined--,--undefined--,--undefined--,--undefined--,--undefined--,--undefined--,--undefined--,--undefined--,--undefined--,--undefined--,--undefined--,--undefined--,--undefined--,230.2588312855992,235.0449168485329,218.64291385334542,--undefined--,--undefined--,173.6829243411539,168.22021006045523,161.0660166333713,157.48671471583467,163.29356433456377,175.09522996673408,186.05003294246137,191.2294596677989,185.45830945522073,174.44760555208563,158.24271068460442,202.58436001033076,196.62367166494195,190.5664154844793,182.32221925828634,173.593869325261,167.9129635838245,164.94890922453317,162.5151369888048,161.9605250607066,158.95363869723826,152.96534681377452,149.37568105470686,144.3063433610288,153.49546929680963,154.5078267403185,155.80585592608392,164.757108139196,--undefined--,--undefined--,--undefined--,--undefined--,--undefined--,--undefined--,--undefined--,2.2291156462585033,174.69079938619632
norm_43.wav,--undefined--,--undefined--,--undefined--,--undefined--,--undefined--,--undefined--,--undefined--,--undefined--,--undefined--,--undefined--,--undefined--,--undefined--,--undefined--,--undefined--,--undefined--,--undefined--,--undefined--,--undefined--,--undefined--,--undefined--,--undefined--,198.76999147640717,205.0351147183444,196.78265231687172,203.85539998406435,--undefined--,192.45002740595197,182.53439994691283,174.11103846873408,166.3702030871314,157.96242072509241,164.10480207260736,169.17544449048643,171.5829590969094,175.44149379914853,179.2706695436489,182.64950508928604,183.17156587154142,174.40837718740173,173.6806722895286,179.69530548517739,189.04292634374306,189.246363173898,186.51074866810526,182.70170428525367,181.03259110538343,178.61950138001413,171.83142675122667,171.09154047298296,169.58816469696364,166.47115092283255,168.42430111352613,166.04532556958648,163.07670449949728,160.62599355589657,161.15133868802076,160.6613210661485,159.12074687683796,--undefined--,--undefined--,158.76417970153943,156.44573298231694,151.97588709867668,158.46758828920676,158.28419457968351,157.91499221612585,156.90987266326442,162.27315864712077,--undefined--,--undefined--,--undefined--,--undefined--,--undefined--,--undefined--,--undefined--,--undefined--,--undefined--,--undefined--,2.2291156462585033,173.12112496370682
norm_45.wav,--undefined--,--undefined--,--undefined--,--undefined--,--undefined--,--undefined--,--undefined--,--undefined--,--undefined--,--undefined--,--undefined--,--undefined--,--undefined--,--undefined--,--undefined--,--undefined--,--undefined--,--undefined--,--undefined--,--undefined--,--undefined--,--undefined--,--undefined--,--undefined--,--undefined--,--undefined--,--undefined--,--undefined--,--undefined--,95.33205286584193,203.84281707973457,212.12976463522364,204.52055841846658,208.83265795967804,207.45450900999117,208.53462100174673,170.6870317274541,164.51352977487463,158.5955058574818,159.33561950547573,162.89765848764608,165.39001638837988,171.55654926949225,163.75717067392335,--undefined--,100.83959791236092,92.0064785998552,193.17312076072687,189.80405268326115,179.36827371032663,174.0220643049243,162.4686095114535,153.57533185888568,145.84835379269612,142.89851682610504,147.6409257565243,146.47819544312546,145.69113844350622,147.06029173206502,145.60237307131743,--undefined--,--undefined--,--undefined--,--undefined--,--undefined--,--undefined--,--undefined--,--undefined--,--undefined--,--undefined--,--undefined--,--undefined--,--undefined--,--undefined--,--undefined--,--undefined--,--undefined--,--undefined--,2.2291156462585033,164.1285795687515
norm_46.wav,--undefined--,--undefined--,--undefined--,--undefined--,--undefined--,--undefined--,--undefined--,--undefined--,--undefined--,--undefined--,--undefined--,--undefined--,--undefined--,--undefined--,--undefined--,--undefined--,--undefined--,--undefined--,--undefined--,177.70021644260055,172.65885574226965,164.95279017847128,166.22300024213502,169.53211638260478,165.539817753712,162.04178942301854,154.43751563377882,151.2804397508069,153.1041408773338,165.8765535877388,170.5762773350062,174.33300799962873,179.28953655425244,189.96427316162934,200.9605264907191,205.63756836585785,200.81992712503555,207.33692214771187,211.87265685078847,218.43976194021974,218.189732819634,218.16367386858627,214.70299815004665,206.75553276970524,190.30555237874745,180.80393527709646,162.61401792549069,167.65080901247066,169.09595491350808,165.4725259670057,162.63509089671763,162.45272335911298,160.3594361952923,159.00369424493684,152.56032061859642,156.84967027283395,156.5130608109471,152.95494107361378,152.09722237671087,150.61824367635992,155.74010301124125,161.67747986037847,--undefined--,--undefined--,--undefined--,--undefined--,--undefined--,--undefined--,--undefined--,--undefined--,--undefined--,--undefined--,--undefined--,--undefined--,--undefined--,--undefined--,--undefined--,--undefined--,2.2291156462585033,175.34405612707798
norm_47.wav,--undefined--,--undefined--,--undefined--,--undefined--,--undefined--,--undefined--,--undefined--,--undefined--,--undefined--,--undefined--,--undefined--,--undefined--,--undefined--,--undefined--,--undefined--,--undefined--,--undefined--,--undefined--,--undefined--,--undefined--,--undefined--,--undefined--,--undefined--,--undefined--,--undefined--,--undefined--,--undefined--,203.69965265337055,213.84541895528895,221.4414456345724,203.64955572329907,206.0944801761718,191.4436958001897,178.46591186181487,168.06991101401164,160.27393288194466,154.45539371560898,159.45639779361022,159.39375371332395,161.09234268842633,162.218140148443,158.49623106901632,167.68898571237858,193.61701209673734,205.26024607189945,208.4528541682294,193.3650768528258,198.96111437879918,204.66308102910622,195.08524482425753,180.32740155586058,180.22948952399395,179.49448610733825,172.04111222697176,166.12227594129308,162.45984881483284,158.42375991319233,156.5374053625658,151.1519813199481,154.11841174948424,--undefined--,--undefined--,155.78962084688965,151.05234815776012,147.28633376770279,152.52853423584818,138.21612146559997,146.16663055201678,--undefined--,--undefined--,--undefined--,--undefined--,--undefined--,--undefined--,--undefined--,--undefined--,--undefined--,--undefined--,2.2291156462585033,174.90091385909292
norm_49.wav,--undefined--,--undefined--,--undefined--,--undefined--,--undefined--,--undefined--,--undefined--,--undefined--,--undefined--,--undefined--,--undefined--,--undefined--,--undefined--,--undefined--,--undefined--,--undefined--,--undefined--,--undefined--,--undefined--,264.87178417955744,253.94298114376886,273.4024417755531,272.16445529638037,269.45306826475496,--undefined--,274.26673601648827,279.64644504781273,284.87607440222837,279.837979160648,272.3320787079855,270.5310874580216,267.89354135452066,267.7428011820837,265.0926249394506,247.78368139086854,259.4004827709755,--undefined--,--undefined--,--undefined--,--undefined--,171.7285169247456,163.39886682822325,157.1762187681676,150.71051714188764,139.47243281011606,133.64300691959798,148.72830723387145,143.17867223971064,141.95735801969784,141.82610286574985,142.04707174789593,144.99210233516544,145.83760840714078,144.94267360342212,148.49989965171628,--undefined--,--undefined--,--undefined--,--undefined--,--undefined--,--undefined--,--undefined--,--undefined--,--undefined--,--undefined--,--undefined--,--undefined--,--undefined--,--undefined--,--undefined--,--undefined--,--undefined--,--undefined--,--undefined--,--undefined--,--undefined--,--undefined--,--undefined--,1.8575963718820863,210.36701995445827
norm_5.wav,--undefined--,--undefined--,--undefined--,--undefined--,--undefined--,--undefined--,--undefined--,--undefined--,--undefined--,--undefined--,--undefined--,--undefined--,--undefined--,212.573938418095,200.57042562650548,222.9953255903383,217.06108489811527,211.0231846222301,200.46503393001717,201.38284634095893,206.06190900327232,202.3061874301991,198.41628927897432,192.01305667249576,187.71767175429142,194.29620249685195,181.55720443002227,195.69505639983552,191.82622263705872,183.11908964424723,175.73814245206395,185.51235107466673,170.67459262618368,166.82511150245844,165.69439917849445,156.3240657532985,145.2567873076498,--undefined--,--undefined--,189.69889677494396,167.3023694214876,164.80505573590875,165.45769276011092,163.82561596836294,158.46242467493977,--undefined--,--undefined--,--undefined--,--undefined--,--undefined--,--undefined--,--undefined--,--undefined--,--undefined--,--undefined--,--undefined--,--undefined--,--undefined--,--undefined--,--undefined--,--undefined--,--undefined--,--undefined--,--undefined--,--undefined--,--undefined--,--undefined--,--undefined--,--undefined--,--undefined--,--undefined--,--undefined--,--undefined--,--undefined--,--undefined--,--undefined--,--undefined--,--undefined--,2.972154195011338,185.82194114680266
norm_51.wav,--undefined--,--undefined--,--undefined--,--undefined--,--undefined--,--undefined--,--undefined--,--undefined--,--undefined--,--undefined--,--undefined--,--undefined--,--undefined--,--undefined--,--undefined--,--undefined--,--undefined--,--undefined--,--undefined--,--undefined--,--undefined--,--undefined--,190.18647161095984,200.62103624118475,197.5580690128432,201.44194959439727,--undefined--,188.16616873196023,181.40479274462095,169.9148204147362,162.04080494237974,149.76297998263874,157.2594641845743,161.13234919883996,158.48075298788066,159.8206795043238,162.60487902076954,164.08472616992057,157.47923030353016,155.22363172741197,163.75664879060824,170.2794192765843,173.8285978232923,173.57818408966259,172.86111747819464,172.177671782693,170.68220409350658,157.07735247119717,--undefined--,--undefined--,161.54322977096575,163.64507776150677,160.55628085880852,154.98814398776815,152.23594423432422,151.8228737122772,152.76485334921392,156.84363207367716,153.91052970754302,141.2379950159597,151.83819118783765,146.59315227500713,149.93052296617842,157.45263103377584,159.8628734977307,152.88251912130772,--undefined--,--undefined--,--undefined--,--undefined--,--undefined--,--undefined--,--undefined--,--undefined--,--undefined--,324.7084563112235,--undefined--,--undefined--,2.2291156462585033,168.19621212009085
norm_52.wav,--undefined--,--undefined--,--undefined--,--undefined--,--undefined--,--undefined--,--undefined--,--undefined--,--undefined--,--undefined--,--undefined--,--undefined--,--undefined--,--undefined--,--undefined--,--undefined--,180.33010249836332,178.8104517223218,188.67415597651478,190.8029557803681,186.3413933932491,173.26240625937496,165.48368389224044,156.3128137668496,155.24053061192495,150.75210488305575,149.20833302596424,150.27547677865888,--undefined--,318.2418968811729,--undefined--,--undefined--,199.96172939142397,204.78666848786452,201.29517288332474,--undefined--,--undefined--,--undefined--,138.54016086984802,145.22373699434598,146.69493335805936,149.9519924694488,150.40684338854157,151.02211976261262,145.73085195095237,146.12891681445228,--undefined--,--undefined--,--undefined--,--undefined--,148.33633668752188,154.49572842210975,150.23188637928,148.65715702577126,147.52209875612888,76.24830087621639,150.62842435812306,151.03856435096245,--undefined--,--undefined--,--undefined--,--undefined--,--undefined--,--undefined--,--undefined--,--undefined--,--undefined--,--undefined--,--undefined--,--undefined--,--undefined--,--undefined--,--undefined--,--undefined--,--undefined--,--undefined--,--undefined--,--undefined--,2.6006349206349206,164.08243527178269
norm_55.wav,--undefined--,--undefined--,--undefined--,--undefined--,--undefined--,--undefined--,--undefined--,--undefined--,--undefined--,--undefined--,218.66870935589498,226.83135836689902,228.03021256276963,221.38745475655367,226.50609120869166,--undefined--,--undefined--,--undefined--,225.87817091050417,238.64128439097328,237.0330951237181,242.59277802424572,242.0666751057281,241.7319447261538,242.62568276755115,241.068482753098,239.92679953682187,235.5821627395167,234.73811549320348,234.16341061587522,232.65290413741758,228.48142209379859,217.22514912476288,201.4615596433298,192.35003179801546,183.22946753923793,175.77432578420752,168.7369454167591,163.8683725296755,161.91230050275692,161.77471284522008,162.64304291263522,162.5201461915965,159.359318550392,159.29614588501943,--undefined--,--undefined--,--undefined--,--undefined--,--undefined--,--undefined--,--undefined--,84.8135104997793,79.72404696730716,81.28545232415888,160.9364383791825,162.6044647823971,160.94372971926754,160.31901757937678,160.287953373613,--undefined--,--undefined--,--undefined--,--undefined--,--undefined--,--undefined--,--undefined--,--undefined--,--undefined--,--undefined--,--undefined--,--undefined--,--undefined--,--undefined--,--undefined--,--undefined--,--undefined--,--undefined--,1.486077097505669,193.99182217545263
norm_6.wav,--undefined--,--undefined--,--undefined--,--undefined--,--undefined--,--undefined--,--undefined--,--undefined--,--undefined--,--undefined--,--undefined--,--undefined--,--undefined--,--undefined--,--undefined--,--undefined--,--undefined--,--undefined--,--undefined--,--undefined--,--undefined--,--undefined--,--undefined--,--undefined--,98.33373392598925,182.1526001980591,--undefined--,--undefined--,194.17276481200824,183.99506444367074,183.69414117350223,192.61944648920135,193.32789404665095,191.88781916761826,181.15367332122412,179.06078222903025,188.90671966158132,188.22573430534547,186.9957353670928,183.74580349470233,183.3359010808733,182.08189652494366,168.1594203168239,196.12987688078974,199.70083931157623,193.24000105482756,--undefined--,--undefined--,211.24899963995225,--undefined--,--undefined--,--undefined--,173.70577453855097,161.49340997736778,156.89277190244408,156.9810285007863,--undefined--,--undefined--,--undefined--,--undefined--,--undefined--,--undefined--,--undefined--,--undefined--,--undefined--,--undefined--,--undefined--,--undefined--,--undefined--,--undefined--,--undefined--,--undefined--,--undefined--,--undefined--,--undefined--,--undefined--,--undefined--,--undefined--,3.3436734693877552,180.44967329458447
norm_62.wav,--undefined--,--undefined--,--undefined--,--undefined--,--undefined--,--undefined--,--undefined--,--undefined--,--undefined--,--undefined--,--undefined--,--undefined--,--undefined--,--undefined--,--undefined--,--undefined--,--undefined--,--undefined--,--undefined--,--undefined--,--undefined--,--undefined--,--undefined--,238.73508600956055,216.22487217366685,223.46971780501838,222.89947049473048,--undefined--,239.61772829532057,224.40763999516508,210.3278719743561,192.23537157751693,185.7517266163881,188.97827566731868,188.48350320360686,187.94606163552885,189.69205604703916,188.45447734666482,185.91909958054134,177.35510787651677,174.60089526848657,185.01944933175568,184.29763910528297,183.0672714221113,179.92059526672605,177.00305981274045,168.266369636567,149.23383864031302,147.14902767766117,158.63132374384006,158.92772123160088,152.3104835508571,154.95963740520412,153.20528711857972,149.76718856601016,152.23413175996825,143.68664249935821,131.48702302329565,143.9167551975666,146.6880719170492,138.65112525444496,133.83762510113752,129.70646926014626,138.02109389379996,136.42141184538482,--undefined--,--undefined--,--undefined--,148.1898079578126,137.76077097282342,146.33372752157558,144.41528038936005,142.62476943293734,146.21073508188434,--undefined--,--undefined--,--undefined--,--undefined--,2.2291156462585033,170.1498573443664
norm_63.wav,--undefined--,--undefined--,--undefined--,--undefined--,--undefined--,--undefined--,--undefined--,--undefined--,--undefined--,--undefined--,--undefined--,--undefined--,--undefined--,--undefined--,--undefined--,--undefined--,--undefined--,--undefined--,--undefined--,--undefined--,--undefined--,--undefined--,--undefined--,--undefined--,173.28488778818445,167.5051420403682,168.84103150542137,195.82475164406628,185.10992210466478,170.2190017809878,169.68715991894814,171.09760741026864,168.80584056199208,173.46791349695957,178.47478777155177,178.18845556188703,178.99111722096194,176.64393952999774,152.7825067901362,--undefined--,--undefined--,157.53519216447293,144.6556208006732,139.41876528290172,150.52605815686573,146.31591431553974,130.8458832168374,145.75482511668113,176.1944918287131,152.5321474408784,150.80085292523432,--undefined--,144.83357419290516,142.6417701140906,142.62423546374788,139.44867002294416,143.76856771326086,136.6415122107222,--undefined--,--undefined--,--undefined--,--undefined--,--undefined--,--undefined--,--undefined--,--undefined--,--undefined--,--undefined--,--undefined--,--undefined--,--undefined--,--undefined--,--undefined--,--undefined--,--undefined--,--undefined--,--undefined--,--undefined--,2.2291156462585033,159.78910148686663
norm_68.wav,--undefined--,--undefined--,--undefined--,151.91948853009123,151.0991244784453,150.3306256569392,148.15254653256662,147.88178540027016,148.26217060780596,148.87046474425324,148.20627905242506,148.10602539817137,148.47156329802286,149.1258992603912,149.3609867989882,148.06783957030757,147.19488460472607,145.91235453712844,144.58062454612855,144.57181910965267,145.19872698887704,143.62705936765718,141.5114503656637,143.7190109550479,--undefined--,--undefined--,--undefined--,--undefined--,--undefined--,--undefined--,--undefined--,--undefined--,--undefined--,--undefined--,--undefined--,--undefined--,--undefined--,--undefined--,--undefined--,--undefined--,--undefined--,--undefined--,--undefined--,--undefined--,--undefined--,--undefined--,--undefined--,--undefined--,--undefined--,--undefined--,--undefined--,--undefined--,--undefined--,--undefined--,--undefined--,--undefined--,--undefined--,--undefined--,--undefined--,--undefined--,--undefined--,--undefined--,--undefined--,--undefined--,--undefined--,--undefined--,--undefined--,--undefined--,--undefined--,--undefined--,--undefined--,--undefined--,--undefined--,--undefined--,--undefined--,--undefined--,--undefined--,--undefined--,0.7430385487528345,147.341463323979
norm_69.wav,--undefined--,--undefined--,--undefined--,--undefined--,--undefined--,--undefined--,--undefined--,--undefined--,--undefined--,--undefined--,--undefined--,--undefined--,--undefined--,--undefined--,--undefined--,--undefined--,--undefined--,--undefined--,--undefined--,--undefined--,--undefined--,--undefined--,--undefined--,--undefined--,--undefined--,193.42603061313085,199.0318672711068,191.0283555964774,206.7002936898476,191.03889665325536,166.828300414385,158.19630851997331,154.89496759943825,157.54729462368414,160.14614663230807,163.01010203247452,163.8126913126247,159.84943227307144,150.18415051622543,151.11387609171874,177.2110082947154,192.86406534587022,197.79206414238348,196.2523712059648,189.96005015177855,180.22275353625366,181.43402185850172,169.85571357709028,152.09071233423032,166.19375753325681,160.82256841865473,155.1779517485788,153.47824150425063,150.57996656770902,150.78148914833133,153.47545027324335,153.34051532595473,151.81792832723315,146.53831283287795,144.40009961963904,--undefined--,--undefined--,--undefined--,--undefined--,--undefined--,--undefined--,--undefined--,--undefined--,--undefined--,--undefined--,--undefined--,--undefined--,--undefined--,--undefined--,--undefined--,--undefined--,--undefined--,--undefined--,2.2291156462585033,168.31707873103537
norm_7.wav,--undefined--,--undefined--,--undefined--,--undefined--,--undefined--,--undefined--,--undefined--,--undefined--,--undefined--,--undefined--,--undefined--,--undefined--,--undefined--,--undefined--,--undefined--,--undefined--,--undefined--,--undefined--,--undefined--,--undefined--,--undefined--,--undefined--,--undefined--,--undefined--,--undefined--,--undefined--,--undefined--,191.79704605681155,179.39200917014486,171.84636975168166,182.80331759092954,179.17998486162134,177.61089395908502,177.1479719556784,176.18377358706812,170.06561111446752,178.05711274654985,178.08504756861092,175.49660059400756,160.65593443086226,161.7815862305813,180.31229561677122,195.68256568951645,195.38648202271273,217.52912479442546,196.87074870008627,--undefined--,--undefined--,--undefined--,83.93218455639395,163.51223490885215,161.5756635649599,157.2126823861012,157.29949200382396,150.23655249814442,77.65271927877228,79.04599997613232,--undefined--,--undefined--,--undefined--,--undefined--,--undefined--,--undefined--,--undefined--,--undefined--,--undefined--,--undefined--,--undefined--,--undefined--,--undefined--,--undefined--,--undefined--,--undefined--,--undefined--,--undefined--,--undefined--,--undefined--,--undefined--,2.6006349206349206,165.79081502277006
norm_70.wav,--undefined--,--undefined--,--undefined--,--undefined--,--undefined--,--undefined--,--undefined--,--undefined--,--undefined--,--undefined--,--undefined--,--undefined--,--undefined--,--undefined--,166.8117255490369,150.7351877523907,158.47328972730168,161.8453660645648,158.48477183993157,157.26834803855888,156.009952439489,152.94235595794635,150.2180820169953,156.946381505466,161.77694635673774,165.47098409547738,169.69921783589152,174.02881711976036,167.19394650225829,163.24932707803583,170.25730473736877,182.77403752861804,182.9946466063276,180.29314044855715,175.4937327298,174.2721184570054,172.50001630442955,164.39607504297678,160.64824642011476,149.02904558448947,140.96761689511402,180.27372393159578,180.18813564601277,181.96557947535035,175.79167754108846,178.21801287731006,--undefined--,--undefined--,--undefined--,--undefined--,--undefined--,--undefined--,148.92402390207712,145.64443520432647,141.86873282481727,142.83584591316327,147.53513516260733,--undefined--,--undefined--,--undefined--,--undefined--,--undefined--,--undefined--,--undefined--,--undefined--,--undefined--,--undefined--,--undefined--,--undefined--,--undefined--,--undefined--,--undefined--,--undefined--,--undefined--,--undefined--,--undefined--,--undefined--,--undefined--,2.2291156462585033,163.46016170575658
norm_71.wav,--undefined--,--undefined--,--undefined--,--undefined--,--undefined--,--undefined--,--undefined--,--undefined--,--undefined--,--undefined--,--undefined--,--undefined--,--undefined--,--undefined--,--undefined--,--undefined--,--undefined--,--undefined--,--undefined--,--undefined--,--undefined--,--undefined--,--undefined--,--undefined--,--undefined--,--undefined--,167.85066975912403,166.0914848314681,157.08979292787677,157.93867056758899,162.75382619232107,167.2040531106575,174.33775735116885,183.22277562435158,186.77070186408315,181.24158862818993,174.55410516915245,168.5259457494884,161.32015094885955,157.08547261087728,147.98438455863032,140.0286173007711,144.83942428318255,148.469395150408,152.75818087013565,164.21375864871354,176.75751311991547,179.5538820569571,177.27179389843042,172.38740450991213,161.60703169809113,151.99547358845714,146.89145191538907,154.22141246678584,155.26840360296077,149.76165124323373,140.5350442038981,141.82807883464162,144.23847068511282,150.8407007058963,--undefined--,--undefined--,--undefined--,--undefined--,--undefined--,--undefined--,--undefined--,--undefined--,--undefined--,--undefined--,--undefined--,--undefined--,--undefined--,--undefined--,--undefined--,--undefined--,--undefined--,--undefined--,2.2291156462585033,160.80703143166855
norm_73.wav,--undefined--,--undefined--,--undefined--,--undefined--,--undefined--,--undefined--,--undefined--,--undefined--,--undefined--,--undefined--,--undefined--,--undefined--,--undefined--,--undefined--,--undefined--,--undefined--,--undefined--,--undefined--,162.5336742663448,156.47996573918275,146.99469190850238,148.24283215297189,147.3613349594405,141.9966909896761,137.64547760083806,143.4344676153842,162.75198337379558,179.53958163244,196.1980161592521,211.86253996535424,226.34101117435733,241.9071670665235,236.88043924790497,256.23155373267326,--undefined--,--undefined--,237.00703897582966,230.67319181377678,223.04567278792456,216.05398520720772,206.79855166496034,199.82289343863036,--undefined--,--undefined--,--undefined--,--undefined--,172.44472737094273,137.9160063573721,116.69582879108,120.69643801771542,131.92381147340907,--undefined--,--undefined--,--undefined--,--undefined--,--undefined--,--undefined--,80.75887648082501,75.50502669005499,--undefined--,--undefined--,--undefined--,--undefined--,--undefined--,--undefined--,--undefined--,--undefined--,--undefined--,--undefined--,--undefined--,--undefined--,--undefined--,--undefined--,--undefined--,--undefined--,--undefined--,--undefined--,--undefined--,2.6006349206349206,173.9911543673921
norm_75.wav,--undefined--,--undefined--,--undefined--,--undefined--,--undefined--,--undefined--,--undefined--,--undefined--,--undefined--,--undefined--,--undefined--,--undefined--,--undefined--,--undefined--,--undefined--,--undefined--,--undefined--,187.2844339978094,177.03896128716025,183.43252551762671,183.40424680963622,177.20072015703087,167.52601386510727,163.3650830556849,158.45692724278103,157.16734576642847,152.87679063823214,143.1007172119962,148.5298120265697,--undefined--,169.78576720982932,177.02160722984036,175.40934175846178,175.85160238480643,--undefined--,218.37866107276767,172.31878452055008,169.5933481483617,160.21601431617313,150.58485975261422,144.930586513785,141.86135361554398,141.25877756141207,--undefined--,--undefined--,152.8049764316985,144.25538663238018,138.31469201283483,--undefined--,--undefined--,--undefined--,--undefined--,--undefined--,--undefined--,--undefined--,--undefined--,--undefined--,--undefined--,--undefined--,--undefined--,--undefined--,--undefined--,--undefined--,--undefined--,--undefined--,--undefined--,--undefined--,--undefined--,--undefined--,--undefined--,--undefined--,--undefined--,--undefined--,--undefined--,--undefined--,--undefined--,--undefined--,--undefined--,2.2291156462585033,164.14701247174528
norm_76.wav,--undefined--,--undefined--,--undefined--,--undefined--,--undefined--,--undefined--,--undefined--,--undefined--,--undefined--,--undefined--,--undefined--,--undefined--,--undefined--,--undefined--,--undefined--,171.9103850002164,168.2495893460739,154.3377777820533,--undefined--,--undefined--,175.5116447393027,169.54133760946627,165.82971080611233,161.60955927971844,159.43717811400515,157.53440646696663,153.74805151026294,155.03495108226798,153.71020794072,147.20748366876347,131.27027949910268,151.9516762744882,--undefined--,--undefined--,166.83042221954747,165.74467053905997,167.33419889349227,165.30412714111822,163.52973568477222,159.75603367000807,152.60777834405758,--undefined--,148.16827431398116,142.4380531273608,140.12868117080828,139.4762292040425,145.99518968165572,76.49193167985383,74.98458655284978,135.60278716894967,--undefined--,--undefined--,--undefined--,--undefined--,--undefined--,--undefined--,--undefined--,--undefined--,--undefined--,--undefined--,--undefined--,--undefined--,--undefined--,--undefined--,--undefined--,--undefined--,--undefined--,--undefined--,--undefined--,--undefined--,--undefined--,--undefined--,--undefined--,--undefined--,--undefined--,--undefined--,--undefined--,--undefined--,2.2291156462585033,150.7092312837026
norm_77.wav,--undefined--,--undefined--,--undefined--,--undefined--,--undefined--,--undefined--,--undefined--,--undefined--,--undefined--,--undefined--,--undefined--,--undefined--,--undefined--,322.83365261020066,--undefined--,--undefined--,--undefined--,--undefined--,--undefined--,--undefined--,--undefined--,--undefined--,--undefined--,--undefined--,--undefined--,--undefined--,--undefined--,--undefined--,--undefined--,--undefined--,--undefined--,--undefined--,172.38430015797192,165.26185624979092,152.4736937156153,157.00886032733467,159.34524549315307,167.684604164191,172.7431178634894,173.17081577382191,171.20956078241923,169.4668425870958,167.1013723904105,163.97054028326988,163.2300615783066,162.2531069727598,158.4787807109246,158.6139644725777,--undefined--,--undefined--,183.40406270781673,165.49922546452592,161.81425230862828,154.22404657144324,154.24847925294608,145.1584472013622,144.67989828949823,165.61519055999855,164.7063555269073,166.21327460298565,162.58572852071862,157.44191260593388,151.77154641243405,145.87797997452185,141.69168073712268,--undefined--,134.44147424796415,141.2035912747551,--undefined--,--undefined--,--undefined--,--undefined--,--undefined--,--undefined--,--undefined--,--undefined--,--undefined--,--undefined--,2.2291156462585033,164.64139771743808
norm_78.wav,--undefined--,--undefined--,--undefined--,--undefined--,--undefined--,--undefined--,--undefined--,--undefined--,--undefined--,--undefined--,--undefined--,--undefined--,--undefined--,--undefined--,--undefined--,214.75570123734494,173.22263614289605,170.79885721703124,171.7676012547483,169.4454090831997,173.13163913001733,170.13427674449636,166.48358110464005,158.79195341084326,154.44212803545935,156.5313368355306,163.83573212883445,165.06302486343816,167.30086068521945,173.13882877951633,176.53480674327756,166.93644936448885,173.48298006918787,178.11969611013023,180.30856735999114,169.51111820066072,163.36231355077834,159.71871906001235,156.32723339637403,155.76947481875598,153.57881442329827,147.74607620608364,144.47938855783664,145.62260938877452,157.14739085403735,160.217982571412,166.54471535684948,174.64425271467155,180.10395319147273,178.8993781190571,175.72278406901393,173.63844273296502,164.54810015379758,168.45143128047584,160.86418677535215,--undefined--,--undefined--,--undefined--,--undefined--,165.48014358707792,159.22861323628638,154.01583901473595,148.11411961611233,143.77233790536667,142.80309654675753,140.42820182521618,140.19988317185852,142.0773846998039,152.82090200011783,148.67590625926752,--undefined--,--undefined--,--undefined--,--undefined--,--undefined--,--undefined--,--undefined--,--undefined--,2.2291156462585033,163.1125658742073
norm_79.wav,--undefined--,--undefined--,--undefined--,--undefined--,--undefined--,--undefined--,--undefined--,--undefined--,--undefined--,--undefined--,--undefined--,--undefined--,--undefined--,--undefined--,--undefined--,181.67372169583103,190.83753041103145,190.83909045488164,199.93488661901702,203.34316964952265,195.4961684443687,183.1196911815925,163.49668775754776,150.8863957474655,144.58399390283105,151.27227161446524,150.2052470407969,150.0939447136033,149.61178139406317,151.15246999965623,149.13408206948918,143.18456486042317,149.50622440789462,156.28568770373914,161.02174195803084,162.63141499690218,164.44014901457322,166.1807768741856,167.46823158353817,165.2217653089555,--undefined--,--undefined--,--undefined--,--undefined--,--undefined--,--undefined--,183.97172787787662,180.01168006646108,174.18376036284,169.25494891827734,165.76360794233727,159.98400965016995,--undefined--,--undefined--,--undefined--,--undefined--,--undefined--,--undefined--,75.42919620870211,--undefined--,143.82048942741056,--undefined--,--undefined--,--undefined--,--undefined--,--undefined--,--undefined--,--undefined--,--undefined--,--undefined--,--undefined--,--undefined--,--undefined--,--undefined--,--undefined--,--undefined--,--undefined--,--undefined--,2.2291156462585033,163.45579120783273
norm_9.wav,--undefined--,--undefined--,--undefined--,--undefined--,--undefined--,--undefined--,--undefined--,--undefined--,--undefined--,--undefined--,--undefined--,--undefined--,--undefined--,--undefined--,--undefined--,--undefined--,--undefined--,--undefined--,--undefined--,--undefined--,--undefined--,--undefined--,--undefined--,--undefined--,--undefined--,--undefined--,--undefined--,--undefined--,190.3538844922001,186.21920553604306,177.90080602302535,--undefined--,--undefined--,176.2482609172408,170.22759697925505,162.16946006186166,159.58797488424761,155.71661609481765,159.28810389195797,161.55687946988297,162.08454939645122,163.36712953793312,162.43321487206936,--undefined--,--undefined--,--undefined--,--undefined--,--undefined--,227.94438205335285,227.94591080769493,220.4282532025044,208.37475548173424,--undefined--,209.71311320280233,169.29779445674384,146.64972859722837,154.14996499841862,--undefined--,173.80061423514567,138.7161269097585,142.07961615848834,--undefined--,--undefined--,--undefined--,--undefined--,--undefined--,--undefined--,--undefined--,--undefined--,--undefined--,--undefined--,--undefined--,--undefined--,--undefined--,--undefined--,--undefined--,--undefined--,--undefined--,2.2291156462585033,175.26058092753576
